{
    "1": [
        1,
        2,
        3
    ],
    "2": [
        4,
        5,
        6,
        7,
        8
    ],
    "3": [
        9,
        10,
        11,
        12,
        13
    ],
    "4": [
        14,
        15,
        16,
        17
    ],
    "5": [
        18,
        19,
        20,
        21,
        22
    ],
    "6": [
        23,
        24,
        25
    ],
    "7": [
        26,
        27,
        28
    ],
    "8": [
        29,
        30,
        31,
        32
    ],
    "9": [
        33,
        34,
        35
    ],
    "10": [
        37,
        38,
        39
    ]
}