{
    "1": "入党申请书",
    "2": "主题团日",
    "3": "主题教育立项",
    "4": "微博微信建设",
    "5": "青年之声建设",
    "6": "新媒体思政类活动",
    "7": "网络宣传工作",
    "8": "创新性成果",
    "9": "团干部成绩",
    "10": "成绩警示",
    "11": "奖学金",
    "12": "学习经验交流会",
    "13": "通过国家等级考试",
    "14": "会议出勤和材料上交",
    "15": "课堂考勤",
    "16": "学校、学院处分",
    "17": "考勤制度和财务制度",
    "18": "文章发表",
    "19": "挑战杯",
    "20": "科研立项",
    "21": "其他科技竞赛",
    "22": "国家专利",
    "23": "暑期社会实践",
    "24": "寒假社会实践",
    "25": "志愿服务活动",
    "26": "文艺类演出",
    "27": "文体竞赛活动",
    "28": "运动会",
    "29": "班级特色活动",
    "30": "竞赛活动",
    "31": "承办及协办班级",
    "32": "活动宣传",
    "33": "星级文明宿舍",
    "34": "以宿舍为单位的竞赛活动",
    "35": "宿舍卫生及纪律",
    "36": "各项其他荣誉称号",
    "37": "军训",
    "38": "配合团学组织工作",
    "39": "其他难以区分的项目"
}